고객ID,연령,성별,거주지역,회원등급,연간구매금액_만원,월방문횟수,만족도점수,선호카테고리,할인쿠폰적용
CUST_0001,57,여성,광주,일반회원,24.3,3,5,뷰티/화장품,적용
CUST_0002,70,남성,부산,일반회원,55.4,4,4,뷰티/화장품,
CUST_0003,47,남성,대전,우수회원,69.5,3,3,스포츠/레저,
CUST_0004,33,여성,인천,일반회원,207.2,6,4,식음료,적용
CUST_0005,61,남성,부산,일반회원,21.7,4,5,스포츠/레저,미적용
CUST_0006,26,여성,경기,일반회원,98.8,5,4,뷰티/화장품,적용
CUST_0007,39,남성,대전,우수회원,406.6,5,3,뷰티/화장품,
CUST_0008,57,남성,경기,일반회원,37.8,4,4,스포츠/레저,적용
CUST_0009,37,남성,광주,우수회원,129.0,5,3,뷰티/화장품,적용
CUST_0010,41,남성,대구,VVIP,251.6,1,3,디지털/가전,적용
CUST_0011,29,남성,대전,일반회원,448.5,6,3,패션/의류,적용
CUST_0012,29,남성,부산,일반회원,226.0,4,4,패션/의류,
CUST_0013,42,남성,대구,일반회원,211.2,11,2,패션/의류,적용
CUST_0014,71,남성,서울,VIP,282.7,8,5,디지털/가전,적용
CUST_0015,54,남성,부산,일반회원,108.6,4,3,뷰티/화장품,적용
CUST_0016,58,남성,인천,일반회원,265.9,1,3,스포츠/레저,미적용
CUST_0017,42,남성,서울,일반회원,21.2,2,4,식음료,적용
CUST_0018,21,여성,서울,우수회원,407.7,4,3,뷰티/화장품,적용
CUST_0019,40,여성,인천,일반회원,107.9,5,4,디지털/가전,
CUST_0020,71,남성,대전,우수회원,140.9,3,3,디지털/가전,적용
CUST_0021,20,여성,서울,VIP,64.1,2,2,패션/의류,미적용
CUST_0022,42,여성,광주,일반회원,223.5,4,3,뷰티/화장품,미적용
CUST_0023,62,남성,부산,VIP,32.0,3,3,패션/의류,적용
CUST_0024,48,여성,대구,일반회원,329.1,2,1,식음료,
CUST_0025,56,여성,서울,VIP,284.1,4,4,패션/의류,미적용
CUST_0026,20,남성,부산,우수회원,56.5,3,4,식음료,적용
CUST_0027,39,남성,경기,VIP,268.6,5,4,디지털/가전,적용
CUST_0028,51,여성,부산,일반회원,251.5,5,4,패션/의류,미적용
CUST_0029,30,여성,대구,일반회원,170.0,3,4,패션/의류,적용
CUST_0030,40,남성,부산,일반회원,90.1,6,5,스포츠/레저,
CUST_0031,62,남성,인천,일반회원,67.5,1,1,디지털/가전,적용
CUST_0032,43,남성,대구,일반회원,59.6,6,1,스포츠/레저,적용
CUST_0033,67,여성,대전,일반회원,77.5,4,3,식음료,적용
CUST_0034,45,여성,경기,일반회원,370.8,1,3,식음료,적용
CUST_0035,60,남성,인천,일반회원,32.1,5,3,디지털/가전,적용
CUST_0036,46,남성,대전,VIP,284.8,3,4,식음료,
CUST_0037,34,여성,부산,일반회원,84.4,1,4,디지털/가전,미적용
CUST_0038,33,남성,대구,일반회원,130.6,3,5,식음료,미적용
CUST_0039,65,남성,경기,일반회원,257.3,3,3,뷰티/화장품,미적용
CUST_0040,69,여성,인천,일반회원,343.6,0,3,패션/의류,
CUST_0041,62,여성,대전,VVIP,83.4,1,5,뷰티/화장품,적용
CUST_0042,73,여성,대전,일반회원,112.9,7,5,디지털/가전,
CUST_0043,70,여성,경기,우수회원,100.3,0,4,디지털/가전,적용
CUST_0044,21,남성,광주,VVIP,22.0,3,4,뷰티/화장품,
CUST_0045,55,남성,부산,VIP,72.6,5,5,패션/의류,미적용
CUST_0046,69,여성,경기,우수회원,112.2,1,4,패션/의류,적용
CUST_0047,25,남성,대전,VIP,99.4,1,3,스포츠/레저,적용
CUST_0048,39,남성,서울,VVIP,212.0,4,5,식음료,적용
CUST_0049,27,남성,인천,우수회원,92.9,8,4,스포츠/레저,적용
CUST_0050,57,남성,경기,우수회원,120.8,7,3,패션/의류,적용
CUST_0051,36,남성,광주,우수회원,104.2,4,4,뷰티/화장품,적용
CUST_0052,22,남성,대전,우수회원,222.4,3,3,식음료,적용
CUST_0053,43,남성,부산,우수회원,318.1,5,5,뷰티/화장품,
CUST_0054,32,남성,대전,일반회원,133.9,5,2,스포츠/레저,미적용
CUST_0055,68,여성,부산,일반회원,253.7,2,5,디지털/가전,
CUST_0056,27,여성,경기,일반회원,72.8,3,4,뷰티/화장품,미적용
CUST_0057,44,여성,부산,일반회원,136.9,6,3,스포츠/레저,적용
CUST_0058,71,여성,대구,일반회원,83.5,7,3,스포츠/레저,적용
CUST_0059,20,여성,대구,일반회원,100.2,4,4,스포츠/레저,미적용
CUST_0060,38,남성,대구,우수회원,217.7,2,5,디지털/가전,
CUST_0061,46,여성,광주,일반회원,340.1,7,3,디지털/가전,적용
CUST_0062,65,여성,광주,VIP,39.4,3,3,디지털/가전,
CUST_0063,25,여성,서울,일반회원,171.0,4,4,식음료,
CUST_0064,62,남성,광주,일반회원,150.9,6,4,디지털/가전,미적용
CUST_0065,26,남성,경기,우수회원,38.9,3,1,디지털/가전,
CUST_0066,65,남성,대전,우수회원,55.7,1,4,디지털/가전,적용
CUST_0067,53,남성,대전,일반회원,75.9,3,4,뷰티/화장품,
CUST_0068,32,여성,서울,VIP,47.4,4,3,디지털/가전,미적용
CUST_0069,35,여성,광주,VIP,61.9,3,4,식음료,적용
CUST_0070,54,남성,부산,일반회원,66.7,3,3,스포츠/레저,
CUST_0071,68,여성,서울,일반회원,81.3,4,4,뷰티/화장품,적용
CUST_0072,58,여성,부산,VVIP,227.6,2,4,패션/의류,적용
CUST_0073,22,남성,부산,우수회원,147.3,2,4,디지털/가전,적용
CUST_0074,20,남성,인천,우수회원,663.0,3,3,스포츠/레저,적용
CUST_0075,24,남성,대전,VIP,100.4,3,3,스포츠/레저,적용
CUST_0076,72,남성,대구,일반회원,230.3,5,5,뷰티/화장품,
CUST_0077,60,남성,광주,일반회원,327.7,2,4,패션/의류,적용
CUST_0078,22,남성,부산,일반회원,190.4,4,4,식음료,적용
CUST_0079,72,남성,인천,우수회원,99.6,3,4,스포츠/레저,적용
CUST_0080,47,남성,대전,우수회원,230.1,4,3,스포츠/레저,적용
CUST_0081,36,여성,대구,우수회원,54.2,5,3,스포츠/레저,미적용
CUST_0082,44,남성,부산,일반회원,79.5,6,2,스포츠/레저,미적용
CUST_0083,62,여성,부산,일반회원,138.7,1,2,뷰티/화장품,
CUST_0084,52,남성,서울,일반회원,148.5,3,4,패션/의류,미적용
CUST_0085,28,여성,서울,우수회원,23.4,1,3,스포츠/레저,적용
CUST_0086,54,남성,대전,우수회원,455.4,1,2,식음료,
CUST_0087,32,남성,대구,일반회원,198.9,2,4,식음료,미적용
CUST_0088,49,여성,부산,VIP,122.7,3,3,디지털/가전,적용
CUST_0089,66,여성,대전,일반회원,425.7,5,4,스포츠/레저,미적용
CUST_0090,33,여성,대전,VVIP,106.7,4,3,스포츠/레저,
CUST_0091,26,남성,경기,일반회원,610.1,1,2,스포츠/레저,미적용
CUST_0092,32,남성,광주,우수회원,127.7,5,3,스포츠/레저,적용
CUST_0093,41,여성,서울,일반회원,38.2,2,1,스포츠/레저,미적용
CUST_0094,58,여성,대구,VIP,237.1,2,5,식음료,적용
CUST_0095,39,여성,부산,일반회원,190.4,7,4,패션/의류,적용
CUST_0096,34,여성,대전,일반회원,242.4,2,2,패션/의류,적용
CUST_0097,63,남성,부산,일반회원,473.7,4,3,디지털/가전,적용
CUST_0098,36,여성,경기,일반회원,244.7,8,3,식음료,적용
CUST_0099,65,남성,대구,일반회원,161.8,2,3,스포츠/레저,적용
CUST_0100,71,남성,대전,VIP,312.1,3,3,패션/의류,미적용
CUST_0101,42,남성,부산,일반회원,187.8,1,4,뷰티/화장품,
CUST_0102,44,여성,서울,우수회원,98.7,0,5,뷰티/화장품,
CUST_0103,43,남성,광주,우수회원,345.2,3,3,뷰티/화장품,적용
CUST_0104,63,남성,경기,우수회원,57.6,7,4,스포츠/레저,적용
CUST_0105,59,여성,대구,일반회원,208.1,6,5,스포츠/레저,
CUST_0106,47,남성,경기,일반회원,340.0,1,3,디지털/가전,적용
CUST_0107,33,여성,서울,우수회원,217.1,6,5,디지털/가전,미적용
CUST_0108,63,남성,대구,VVIP,199.2,8,4,디지털/가전,미적용
CUST_0109,19,여성,경기,일반회원,229.5,3,3,뷰티/화장품,적용
CUST_0110,43,여성,인천,일반회원,113.8,2,5,스포츠/레저,
CUST_0111,25,남성,서울,일반회원,330.9,5,3,뷰티/화장품,
CUST_0112,27,남성,서울,VVIP,54.1,5,3,디지털/가전,적용
CUST_0113,42,남성,서울,일반회원,40.4,3,4,스포츠/레저,적용
CUST_0114,19,남성,인천,일반회원,70.4,1,3,식음료,적용
CUST_0115,62,여성,인천,VIP,133.8,2,3,패션/의류,적용
CUST_0116,26,남성,부산,일반회원,127.2,5,3,패션/의류,적용
CUST_0117,42,여성,대전,일반회원,277.7,6,4,디지털/가전,적용
CUST_0118,29,남성,광주,우수회원,97.8,4,4,뷰티/화장품,적용
CUST_0119,69,여성,경기,VIP,119.3,2,4,식음료,
CUST_0120,35,여성,부산,일반회원,22.0,4,5,스포츠/레저,적용
CUST_0121,26,여성,경기,일반회원,99.1,8,3,뷰티/화장품,적용
CUST_0122,53,남성,광주,일반회원,176.5,3,3,디지털/가전,적용
CUST_0123,53,남성,대전,일반회원,22.3,5,4,뷰티/화장품,적용
CUST_0124,51,남성,인천,우수회원,69.5,4,4,디지털/가전,적용
CUST_0125,23,여성,대전,일반회원,55.0,7,3,패션/의류,적용
CUST_0126,60,여성,인천,일반회원,26.4,2,2,패션/의류,적용
CUST_0127,57,여성,광주,일반회원,117.9,5,5,뷰티/화장품,
CUST_0128,59,남성,대전,우수회원,50.1,6,5,식음료,
CUST_0129,46,여성,부산,우수회원,223.8,0,4,스포츠/레저,적용
CUST_0130,25,여성,대구,VIP,302.5,4,3,디지털/가전,적용
CUST_0131,27,남성,부산,일반회원,138.3,3,5,스포츠/레저,미적용
CUST_0132,26,남성,경기,VIP,620.2,6,5,패션/의류,미적용
CUST_0133,30,여성,부산,VIP,109.8,9,4,식음료,적용
CUST_0134,52,여성,광주,일반회원,128.0,1,5,식음료,
CUST_0135,51,여성,서울,일반회원,699.5,3,5,스포츠/레저,적용
CUST_0136,66,남성,경기,일반회원,59.5,3,5,패션/의류,적용
CUST_0137,73,여성,대전,일반회원,448.5,3,5,스포츠/레저,미적용
CUST_0138,41,남성,경기,일반회원,26.6,2,4,뷰티/화장품,
CUST_0139,42,남성,대구,일반회원,108.7,10,4,식음료,미적용
CUST_0140,55,남성,인천,일반회원,30.9,5,4,식음료,적용
CUST_0141,53,여성,대전,VIP,216.0,3,4,뷰티/화장품,적용
CUST_0142,62,여성,경기,일반회원,160.6,7,4,패션/의류,적용
CUST_0143,58,여성,대전,VIP,204.0,7,5,식음료,적용
CUST_0144,40,남성,대전,우수회원,90.4,9,4,디지털/가전,미적용
CUST_0145,45,여성,대전,VIP,89.2,7,4,디지털/가전,
CUST_0146,53,남성,인천,우수회원,27.0,8,3,패션/의류,미적용
CUST_0147,19,여성,광주,일반회원,84.6,4,4,뷰티/화장품,
CUST_0148,53,남성,부산,우수회원,417.4,2,4,스포츠/레저,적용
CUST_0149,55,남성,대전,일반회원,91.5,4,1,패션/의류,
CUST_0150,65,남성,서울,일반회원,287.0,3,4,스포츠/레저,미적용
CUST_0151,32,남성,광주,VIP,297.1,4,2,패션/의류,적용
CUST_0152,21,여성,대구,일반회원,90.1,3,1,디지털/가전,미적용
CUST_0153,19,여성,인천,일반회원,169.9,4,4,뷰티/화장품,적용
CUST_0154,23,남성,경기,우수회원,35.0,6,3,디지털/가전,미적용
CUST_0155,44,여성,인천,VIP,36.4,0,3,뷰티/화장품,적용
CUST_0156,73,남성,경기,우수회원,27.5,3,2,스포츠/레저,적용
CUST_0157,32,여성,인천,일반회원,150.5,4,3,패션/의류,미적용
CUST_0158,57,여성,경기,우수회원,103.3,5,4,식음료,미적용
CUST_0159,45,여성,대전,일반회원,139.1,5,4,식음료,적용
CUST_0160,27,남성,부산,우수회원,130.4,7,5,뷰티/화장품,적용
CUST_0161,33,여성,경기,VVIP,84.7,2,3,뷰티/화장품,적용
CUST_0162,33,여성,경기,우수회원,189.7,2,3,디지털/가전,적용
CUST_0163,44,남성,서울,VIP,233.1,5,3,식음료,
CUST_0164,60,남성,경기,일반회원,22.2,2,4,디지털/가전,
CUST_0165,31,여성,서울,우수회원,54.8,3,4,스포츠/레저,적용
CUST_0166,69,여성,대구,VIP,207.4,8,5,식음료,미적용
CUST_0167,50,여성,대전,일반회원,93.3,2,4,스포츠/레저,적용
CUST_0168,57,여성,서울,VIP,182.9,3,4,패션/의류,미적용
CUST_0169,67,여성,부산,일반회원,83.9,9,4,디지털/가전,적용
CUST_0170,70,남성,광주,우수회원,94.3,2,5,뷰티/화장품,적용
CUST_0171,50,남성,대전,VIP,45.9,4,3,식음료,미적용
CUST_0172,22,남성,서울,우수회원,64.8,3,3,디지털/가전,적용
CUST_0173,48,여성,대전,일반회원,159.5,6,4,뷰티/화장품,미적용
CUST_0174,55,남성,대전,우수회원,105.2,3,4,패션/의류,
CUST_0175,41,여성,대전,우수회원,243.3,7,5,식음료,적용
CUST_0176,57,여성,대구,VIP,307.2,3,4,스포츠/레저,적용
CUST_0177,63,여성,부산,일반회원,137.0,3,2,패션/의류,
CUST_0178,33,남성,인천,일반회원,233.0,5,5,뷰티/화장품,미적용
CUST_0179,61,여성,인천,우수회원,75.0,2,5,식음료,적용
CUST_0180,47,남성,서울,일반회원,100.4,2,3,식음료,적용
CUST_0181,54,여성,대전,우수회원,207.1,3,5,패션/의류,미적용
CUST_0182,31,남성,서울,우수회원,93.2,7,3,식음료,적용
CUST_0183,50,남성,대구,VIP,153.2,2,3,뷰티/화장품,적용
CUST_0184,25,여성,대구,우수회원,50.8,6,5,패션/의류,적용
CUST_0185,69,남성,경기,우수회원,157.4,2,4,스포츠/레저,
CUST_0186,40,남성,대구,일반회원,316.5,2,2,패션/의류,미적용
CUST_0187,46,여성,경기,일반회원,324.5,3,3,패션/의류,
CUST_0188,20,여성,부산,일반회원,213.3,6,4,스포츠/레저,미적용
CUST_0189,60,여성,서울,일반회원,225.4,6,3,뷰티/화장품,
CUST_0190,63,여성,광주,우수회원,142.4,5,4,디지털/가전,적용
CUST_0191,71,여성,부산,우수회원,151.8,4,4,디지털/가전,미적용
CUST_0192,24,남성,대구,우수회원,41.5,5,3,스포츠/레저,적용
CUST_0193,46,남성,부산,VIP,108.0,8,4,뷰티/화장품,미적용
CUST_0194,46,남성,부산,VVIP,109.9,2,5,식음료,적용
CUST_0195,62,여성,부산,VIP,497.3,2,4,스포츠/레저,적용
CUST_0196,62,여성,대구,우수회원,104.6,2,3,디지털/가전,
CUST_0197,38,남성,광주,우수회원,139.6,2,3,뷰티/화장품,
CUST_0198,48,남성,대전,일반회원,134.3,5,4,패션/의류,적용
CUST_0199,29,여성,부산,일반회원,171.9,2,5,뷰티/화장품,미적용
CUST_0200,73,남성,경기,일반회원,226.9,3,3,뷰티/화장품,적용
CUST_0201,46,여성,대구,VIP,58.2,4,3,디지털/가전,적용
CUST_0202,43,여성,부산,VIP,132.8,5,3,디지털/가전,
CUST_0203,57,여성,광주,일반회원,282.2,3,4,식음료,적용
CUST_0204,51,남성,대전,일반회원,113.3,6,3,식음료,
CUST_0205,19,여성,대구,VIP,69.0,7,5,스포츠/레저,적용
CUST_0206,45,여성,인천,일반회원,179.5,1,3,패션/의류,미적용
CUST_0207,70,여성,대전,일반회원,280.4,2,4,식음료,미적용
CUST_0208,31,여성,경기,VIP,29.8,4,4,디지털/가전,적용
CUST_0209,59,여성,부산,일반회원,244.9,5,4,뷰티/화장품,적용
CUST_0210,21,여성,광주,일반회원,278.6,6,3,스포츠/레저,
CUST_0211,57,남성,인천,우수회원,112.9,3,4,식음료,미적용
CUST_0212,24,여성,광주,VIP,633.9,3,3,뷰티/화장품,적용
CUST_0213,26,여성,인천,우수회원,251.8,4,2,뷰티/화장품,적용
CUST_0214,45,남성,대구,일반회원,242.9,6,4,식음료,적용
CUST_0215,27,여성,인천,일반회원,226.7,2,4,패션/의류,적용
CUST_0216,55,여성,경기,일반회원,44.5,4,2,패션/의류,적용
CUST_0217,51,여성,경기,우수회원,56.7,5,2,스포츠/레저,적용
CUST_0218,69,남성,서울,우수회원,113.5,3,5,패션/의류,
CUST_0219,60,남성,경기,일반회원,66.0,4,5,스포츠/레저,미적용
CUST_0220,62,여성,대전,VIP,100.5,6,3,디지털/가전,
CUST_0221,42,여성,인천,일반회원,349.0,6,4,식음료,미적용
CUST_0222,33,남성,경기,일반회원,280.9,5,3,뷰티/화장품,
CUST_0223,72,여성,대구,일반회원,169.2,4,4,스포츠/레저,적용
CUST_0224,50,여성,광주,일반회원,312.9,6,5,패션/의류,미적용
CUST_0225,50,여성,광주,우수회원,249.7,4,2,스포츠/레저,
CUST_0226,42,여성,서울,우수회원,104.1,0,4,스포츠/레저,미적용
CUST_0227,59,남성,광주,일반회원,53.7,3,4,패션/의류,적용
CUST_0228,70,남성,인천,우수회원,128.3,2,4,패션/의류,미적용
CUST_0229,67,남성,서울,일반회원,219.9,4,4,식음료,
CUST_0230,67,여성,인천,우수회원,106.0,4,5,뷰티/화장품,미적용
CUST_0231,70,남성,대구,VIP,184.8,1,2,식음료,적용
CUST_0232,30,남성,서울,일반회원,34.9,4,1,식음료,미적용
CUST_0233,57,남성,부산,우수회원,226.8,4,3,패션/의류,
CUST_0234,20,여성,대전,일반회원,271.3,7,5,패션/의류,적용
CUST_0235,21,여성,대전,일반회원,204.1,4,4,뷰티/화장품,미적용
CUST_0236,67,남성,인천,일반회원,532.9,7,4,스포츠/레저,적용
CUST_0237,55,남성,광주,우수회원,282.9,3,1,식음료,미적용
CUST_0238,67,여성,부산,우수회원,370.1,1,5,뷰티/화장품,미적용
CUST_0239,74,남성,서울,일반회원,426.7,5,5,식음료,적용
CUST_0240,35,남성,부산,VIP,262.4,8,4,스포츠/레저,적용
CUST_0241,67,남성,부산,우수회원,188.2,6,3,식음료,미적용
CUST_0242,20,남성,광주,VIP,20.9,2,2,디지털/가전,적용
CUST_0243,20,남성,서울,우수회원,114.1,1,4,뷰티/화장품,적용
CUST_0244,46,여성,대구,우수회원,147.0,2,4,패션/의류,
CUST_0245,72,남성,광주,일반회원,74.4,2,2,식음료,적용
CUST_0246,41,여성,부산,일반회원,77.4,4,4,뷰티/화장품,적용
CUST_0247,55,남성,부산,VVIP,507.2,2,3,뷰티/화장품,
CUST_0248,50,여성,대구,일반회원,353.4,1,4,식음료,적용
CUST_0249,51,여성,부산,VVIP,303.7,4,4,패션/의류,적용
CUST_0250,19,남성,부산,우수회원,98.1,3,2,패션/의류,미적용
CUST_0251,37,여성,부산,일반회원,22.1,3,4,식음료,미적용
CUST_0252,20,남성,대전,일반회원,32.5,7,3,뷰티/화장품,
CUST_0253,71,여성,광주,일반회원,76.1,3,3,패션/의류,
CUST_0254,62,남성,경기,VIP,22.4,4,5,식음료,미적용
CUST_0255,44,남성,광주,일반회원,22.6,4,1,식음료,적용
CUST_0256,50,남성,대구,일반회원,392.6,2,3,식음료,적용
CUST_0257,24,여성,부산,일반회원,203.7,2,1,뷰티/화장품,적용
CUST_0258,50,여성,광주,일반회원,75.4,4,2,패션/의류,적용
CUST_0259,73,여성,대전,일반회원,41.3,7,3,뷰티/화장품,미적용
CUST_0260,22,남성,대구,일반회원,127.5,3,2,디지털/가전,미적용
CUST_0261,73,여성,인천,VIP,20.8,6,4,패션/의류,적용
CUST_0262,29,남성,광주,일반회원,438.1,4,2,뷰티/화장품,
CUST_0263,74,여성,인천,일반회원,100.4,4,4,패션/의류,적용
CUST_0264,35,남성,부산,일반회원,97.2,4,2,디지털/가전,적용
CUST_0265,56,남성,대전,일반회원,94.3,5,2,스포츠/레저,미적용
CUST_0266,42,남성,대전,VVIP,30.8,4,3,식음료,적용
CUST_0267,23,남성,광주,우수회원,172.6,2,5,뷰티/화장품,적용
CUST_0268,70,여성,대구,일반회원,218.1,3,4,디지털/가전,적용
CUST_0269,52,남성,대구,우수회원,189.1,5,4,디지털/가전,적용
CUST_0270,24,여성,대전,일반회원,42.4,6,2,패션/의류,미적용
CUST_0271,40,남성,대구,일반회원,149.7,3,5,패션/의류,
CUST_0272,29,여성,대전,VVIP,146.4,3,1,식음료,적용
CUST_0273,66,남성,광주,우수회원,324.2,3,3,패션/의류,적용
CUST_0274,34,남성,경기,VVIP,91.5,3,4,뷰티/화장품,미적용
CUST_0275,51,여성,대전,일반회원,89.7,3,3,뷰티/화장품,
CUST_0276,27,남성,인천,우수회원,164.6,2,5,뷰티/화장품,적용
CUST_0277,24,남성,대구,일반회원,170.4,3,1,스포츠/레저,적용
CUST_0278,34,여성,대전,일반회원,115.0,5,5,뷰티/화장품,미적용
CUST_0279,47,여성,대전,VIP,107.8,2,4,패션/의류,미적용
CUST_0280,21,남성,광주,일반회원,122.2,4,4,패션/의류,적용
CUST_0281,38,남성,대구,VIP,316.0,4,2,뷰티/화장품,미적용
CUST_0282,54,여성,경기,우수회원,112.8,3,3,디지털/가전,적용
CUST_0283,37,남성,광주,일반회원,441.8,5,5,디지털/가전,적용
CUST_0284,44,남성,경기,우수회원,125.2,4,3,디지털/가전,적용
CUST_0285,21,남성,광주,우수회원,467.0,3,4,식음료,
CUST_0286,37,여성,대구,일반회원,288.3,8,5,스포츠/레저,적용
CUST_0287,38,여성,서울,VIP,87.5,6,3,뷰티/화장품,적용
CUST_0288,50,남성,대구,우수회원,318.9,3,4,식음료,적용
CUST_0289,25,남성,대구,일반회원,37.5,4,4,디지털/가전,
CUST_0290,70,남성,경기,우수회원,408.6,5,3,뷰티/화장품,적용
CUST_0291,59,여성,경기,VVIP,169.8,4,2,식음료,적용
CUST_0292,51,남성,대구,일반회원,28.4,8,4,패션/의류,적용
CUST_0293,58,남성,대구,VIP,175.0,4,3,디지털/가전,미적용
CUST_0294,57,여성,대구,일반회원,568.9,3,4,식음료,적용
CUST_0295,36,남성,경기,우수회원,30.9,7,2,패션/의류,적용
CUST_0296,58,여성,대구,우수회원,141.3,4,5,디지털/가전,적용
CUST_0297,19,남성,대구,일반회원,226.6,4,1,스포츠/레저,
CUST_0298,29,남성,부산,일반회원,269.3,8,4,디지털/가전,적용
CUST_0299,46,남성,서울,우수회원,100.1,5,4,스포츠/레저,미적용
CUST_0300,43,여성,인천,일반회원,54.3,2,2,스포츠/레저,
CUST_0301,68,여성,서울,우수회원,26.5,6,3,스포츠/레저,
CUST_0302,41,여성,부산,일반회원,150.0,7,4,뷰티/화장품,적용
CUST_0303,49,남성,인천,VIP,110.5,4,5,뷰티/화장품,
CUST_0304,48,여성,광주,우수회원,465.6,4,3,스포츠/레저,적용
CUST_0305,60,남성,대구,VIP,29.4,6,3,패션/의류,적용
CUST_0306,53,남성,부산,일반회원,193.5,1,3,스포츠/레저,
CUST_0307,25,여성,광주,우수회원,23.8,5,2,식음료,적용
CUST_0308,34,남성,대구,우수회원,48.2,2,4,스포츠/레저,적용
CUST_0309,44,남성,경기,일반회원,110.7,5,5,뷰티/화장품,적용
CUST_0310,66,남성,대전,일반회원,111.0,7,3,뷰티/화장품,미적용
CUST_0311,70,남성,부산,일반회원,193.6,0,5,식음료,적용
CUST_0312,67,남성,경기,우수회원,381.5,5,2,식음료,미적용
CUST_0313,20,여성,부산,우수회원,172.8,5,4,디지털/가전,
CUST_0314,19,남성,부산,일반회원,480.4,4,3,패션/의류,미적용
CUST_0315,66,여성,경기,우수회원,340.1,3,3,패션/의류,적용
CUST_0316,30,여성,인천,일반회원,151.7,3,4,패션/의류,
CUST_0317,23,남성,서울,일반회원,289.2,4,3,뷰티/화장품,적용
CUST_0318,55,남성,대구,VVIP,174.3,2,4,패션/의류,적용
CUST_0319,50,남성,부산,VIP,32.3,3,4,디지털/가전,적용
CUST_0320,73,여성,대구,우수회원,222.4,0,3,디지털/가전,적용
CUST_0321,27,남성,대전,일반회원,35.0,1,5,패션/의류,적용
CUST_0322,59,여성,경기,우수회원,155.2,3,3,식음료,적용
CUST_0323,53,남성,대구,일반회원,201.9,2,4,디지털/가전,적용
CUST_0324,37,여성,경기,일반회원,30.3,3,2,식음료,적용
CUST_0325,66,남성,대구,일반회원,59.4,5,3,뷰티/화장품,미적용
CUST_0326,34,남성,서울,우수회원,391.0,2,3,디지털/가전,
CUST_0327,21,여성,서울,우수회원,163.7,5,4,식음료,미적용
CUST_0328,38,여성,서울,일반회원,62.4,4,4,패션/의류,적용
CUST_0329,42,남성,서울,우수회원,196.0,2,3,뷰티/화장품,적용
CUST_0330,72,여성,서울,VIP,156.2,4,2,스포츠/레저,
CUST_0331,74,여성,서울,일반회원,124.4,5,3,스포츠/레저,적용
CUST_0332,51,여성,경기,우수회원,580.6,3,4,패션/의류,
CUST_0333,42,여성,부산,VIP,192.5,3,4,뷰티/화장품,적용
CUST_0334,70,남성,대구,일반회원,90.6,2,3,뷰티/화장품,
CUST_0335,29,남성,서울,일반회원,261.5,3,1,뷰티/화장품,적용
CUST_0336,67,남성,경기,우수회원,343.9,4,4,뷰티/화장품,적용
CUST_0337,26,여성,경기,우수회원,40.1,2,2,스포츠/레저,미적용
CUST_0338,54,여성,경기,VIP,53.6,5,2,식음료,적용
CUST_0339,56,남성,부산,일반회원,56.5,1,1,뷰티/화장품,적용
CUST_0340,58,남성,대구,VVIP,196.3,5,3,식음료,적용
CUST_0341,38,여성,부산,일반회원,158.6,3,4,뷰티/화장품,미적용
CUST_0342,53,여성,인천,일반회원,164.7,4,4,디지털/가전,적용
CUST_0343,66,여성,광주,우수회원,444.0,3,3,디지털/가전,적용
CUST_0344,43,남성,경기,일반회원,244.4,6,4,디지털/가전,적용
CUST_0345,53,남성,인천,일반회원,40.5,1,3,뷰티/화장품,적용
CUST_0346,43,남성,대전,일반회원,84.0,4,5,식음료,미적용
CUST_0347,47,여성,서울,일반회원,105.7,6,4,스포츠/레저,적용
CUST_0348,36,남성,광주,일반회원,95.6,1,4,패션/의류,적용
CUST_0349,64,여성,서울,VVIP,186.0,6,3,스포츠/레저,적용
CUST_0350,36,남성,부산,일반회원,353.7,4,2,뷰티/화장품,적용
CUST_0351,20,여성,광주,우수회원,74.8,3,4,디지털/가전,적용
CUST_0352,72,여성,대구,우수회원,140.4,3,4,디지털/가전,적용
CUST_0353,53,여성,인천,VIP,253.7,3,2,식음료,적용
CUST_0354,34,남성,대구,일반회원,100.7,5,5,뷰티/화장품,
CUST_0355,59,남성,부산,VIP,47.6,2,5,스포츠/레저,적용
CUST_0356,54,남성,서울,우수회원,116.6,4,4,뷰티/화장품,미적용
CUST_0357,51,여성,광주,우수회원,28.5,7,5,뷰티/화장품,적용
CUST_0358,22,여성,대구,우수회원,448.1,3,3,디지털/가전,적용
CUST_0359,51,여성,대구,VIP,31.7,1,1,스포츠/레저,적용
CUST_0360,32,여성,서울,일반회원,106.6,5,1,패션/의류,적용
CUST_0361,39,여성,광주,우수회원,133.2,2,4,디지털/가전,
CUST_0362,66,남성,인천,우수회원,653.0,6,2,스포츠/레저,
CUST_0363,38,여성,서울,우수회원,47.2,2,5,식음료,미적용
CUST_0364,74,남성,대구,VVIP,38.2,3,2,디지털/가전,미적용
CUST_0365,26,남성,인천,일반회원,21.3,7,3,식음료,적용
CUST_0366,25,여성,인천,VVIP,45.4,3,5,디지털/가전,적용
CUST_0367,21,남성,서울,일반회원,54.8,7,3,뷰티/화장품,
CUST_0368,35,남성,대구,일반회원,169.4,2,3,스포츠/레저,미적용
CUST_0369,51,여성,부산,일반회원,57.2,4,4,식음료,적용
CUST_0370,66,남성,대구,일반회원,23.1,3,3,디지털/가전,적용
CUST_0371,30,여성,경기,우수회원,282.8,3,3,식음료,적용
CUST_0372,69,남성,광주,일반회원,88.3,5,3,디지털/가전,
CUST_0373,40,남성,대전,일반회원,85.5,5,4,디지털/가전,적용
CUST_0374,73,남성,부산,VIP,74.0,6,5,패션/의류,적용
CUST_0375,40,남성,인천,VIP,575.6,2,5,패션/의류,적용
CUST_0376,64,여성,부산,VIP,48.0,7,3,패션/의류,
CUST_0377,48,남성,광주,VIP,362.8,5,3,식음료,적용
CUST_0378,56,여성,인천,우수회원,245.0,4,4,뷰티/화장품,
CUST_0379,56,남성,광주,일반회원,31.9,1,5,디지털/가전,적용
CUST_0380,63,여성,인천,일반회원,668.3,8,3,스포츠/레저,
CUST_0381,69,여성,부산,우수회원,67.5,1,3,패션/의류,미적용
CUST_0382,72,여성,인천,일반회원,35.6,5,4,식음료,적용
CUST_0383,26,남성,인천,우수회원,285.2,0,5,식음료,적용
CUST_0384,45,남성,경기,일반회원,204.0,5,3,식음료,적용
CUST_0385,45,남성,대구,일반회원,164.0,5,3,스포츠/레저,적용
CUST_0386,52,여성,대구,우수회원,45.4,2,3,스포츠/레저,
CUST_0387,39,남성,대전,우수회원,117.7,3,1,패션/의류,적용
CUST_0388,48,여성,대전,우수회원,247.5,3,4,스포츠/레저,적용
CUST_0389,51,여성,경기,우수회원,74.3,6,4,패션/의류,적용
CUST_0390,46,남성,대전,일반회원,76.0,11,4,스포츠/레저,적용
CUST_0391,65,여성,광주,일반회원,20.5,3,2,스포츠/레저,
CUST_0392,51,남성,부산,VIP,48.7,3,2,스포츠/레저,적용
CUST_0393,23,남성,서울,우수회원,332.4,4,3,패션/의류,
CUST_0394,66,여성,광주,일반회원,107.4,3,3,디지털/가전,
CUST_0395,37,여성,서울,VIP,642.5,4,4,패션/의류,적용
CUST_0396,22,여성,서울,일반회원,95.6,8,3,디지털/가전,적용
CUST_0397,53,남성,경기,일반회원,208.4,2,1,식음료,
CUST_0398,67,남성,광주,일반회원,69.7,2,3,식음료,적용
CUST_0399,35,여성,경기,우수회원,87.8,3,3,패션/의류,적용
CUST_0400,62,여성,인천,우수회원,51.7,1,4,디지털/가전,적용
CUST_0401,46,여성,서울,일반회원,83.9,3,5,디지털/가전,적용
CUST_0402,48,남성,부산,VIP,138.9,3,2,디지털/가전,미적용
CUST_0403,47,여성,대전,일반회원,740.0,5,4,식음료,적용
CUST_0404,64,남성,부산,일반회원,183.7,4,3,패션/의류,적용
CUST_0405,71,남성,대전,일반회원,53.3,4,3,뷰티/화장품,
CUST_0406,24,여성,서울,일반회원,26.9,5,5,디지털/가전,미적용
CUST_0407,53,남성,서울,일반회원,40.3,2,3,디지털/가전,적용
CUST_0408,59,여성,서울,우수회원,144.0,4,4,뷰티/화장품,미적용
CUST_0409,55,남성,경기,VIP,237.3,7,3,패션/의류,적용
CUST_0410,42,남성,광주,우수회원,443.1,1,4,디지털/가전,미적용
CUST_0411,47,여성,대전,일반회원,22.4,3,4,패션/의류,적용
CUST_0412,67,여성,광주,일반회원,131.0,4,5,디지털/가전,적용
CUST_0413,64,여성,경기,일반회원,115.5,2,5,스포츠/레저,미적용
CUST_0414,71,여성,경기,일반회원,180.1,1,4,디지털/가전,적용
CUST_0415,49,여성,대구,우수회원,143.0,6,3,스포츠/레저,
CUST_0416,53,여성,부산,일반회원,194.3,2,4,패션/의류,적용
CUST_0417,51,여성,부산,우수회원,181.0,2,4,디지털/가전,
CUST_0418,70,남성,인천,VIP,38.7,1,1,식음료,
CUST_0419,39,여성,경기,일반회원,261.2,2,3,식음료,적용
CUST_0420,50,남성,대전,VIP,39.7,3,5,뷰티/화장품,미적용
CUST_0421,41,여성,대구,우수회원,199.9,2,4,식음료,적용
CUST_0422,51,여성,대구,우수회원,100.7,6,3,스포츠/레저,
CUST_0423,21,남성,광주,우수회원,128.2,6,5,식음료,적용
CUST_0424,36,여성,부산,일반회원,370.4,3,3,식음료,미적용
CUST_0425,43,여성,경기,일반회원,350.9,5,3,식음료,적용
CUST_0426,60,남성,인천,일반회원,275.4,2,4,디지털/가전,적용
CUST_0427,49,여성,경기,일반회원,127.0,3,3,뷰티/화장품,적용
CUST_0428,72,여성,광주,우수회원,219.9,4,4,패션/의류,적용
CUST_0429,21,남성,서울,일반회원,127.9,4,3,뷰티/화장품,미적용
CUST_0430,58,여성,경기,VIP,325.6,4,3,스포츠/레저,미적용
CUST_0431,64,남성,광주,우수회원,97.3,0,3,디지털/가전,미적용
CUST_0432,42,여성,서울,일반회원,547.2,3,5,디지털/가전,적용
CUST_0433,68,여성,서울,일반회원,424.0,2,3,식음료,적용
CUST_0434,50,여성,인천,VIP,223.0,5,3,식음료,적용
CUST_0435,65,남성,대전,VIP,69.2,4,1,스포츠/레저,
CUST_0436,40,여성,부산,우수회원,41.2,11,3,디지털/가전,
CUST_0437,41,여성,경기,일반회원,309.3,4,3,패션/의류,적용
CUST_0438,20,남성,서울,일반회원,47.1,3,2,뷰티/화장품,적용
CUST_0439,45,여성,경기,일반회원,308.9,2,4,디지털/가전,적용
CUST_0440,60,남성,대전,일반회원,121.2,9,4,패션/의류,미적용
CUST_0441,20,여성,부산,우수회원,98.3,1,4,패션/의류,미적용
CUST_0442,44,남성,대전,우수회원,370.3,4,4,뷰티/화장품,미적용
CUST_0443,35,남성,부산,우수회원,158.9,7,3,패션/의류,적용
CUST_0444,58,남성,대구,VIP,148.9,3,3,스포츠/레저,미적용
CUST_0445,51,여성,부산,우수회원,142.7,3,4,패션/의류,미적용
CUST_0446,27,남성,인천,일반회원,89.6,6,4,스포츠/레저,적용
CUST_0447,61,여성,대전,일반회원,251.0,4,3,패션/의류,적용
CUST_0448,72,남성,서울,VIP,63.7,5,5,식음료,적용
CUST_0449,66,남성,대구,일반회원,439.3,9,2,패션/의류,적용
CUST_0450,57,여성,인천,VIP,356.6,0,2,스포츠/레저,
CUST_0451,47,여성,경기,VIP,81.8,6,3,패션/의류,적용
CUST_0452,60,남성,대전,일반회원,216.1,5,5,패션/의류,
CUST_0453,73,여성,광주,우수회원,147.7,3,4,패션/의류,적용
CUST_0454,44,여성,광주,VIP,81.8,6,4,스포츠/레저,적용
CUST_0455,53,여성,서울,우수회원,690.1,3,3,패션/의류,적용
CUST_0456,68,남성,부산,VIP,23.8,7,4,뷰티/화장품,적용
CUST_0457,43,남성,서울,VIP,63.7,5,3,뷰티/화장품,적용
CUST_0458,42,여성,광주,일반회원,130.1,7,5,스포츠/레저,적용
CUST_0459,31,남성,경기,일반회원,130.7,4,1,식음료,적용
CUST_0460,25,여성,대구,VIP,153.3,4,3,뷰티/화장품,적용
CUST_0461,54,여성,대구,우수회원,229.0,2,3,디지털/가전,적용
CUST_0462,63,여성,대전,일반회원,166.5,6,5,뷰티/화장품,적용
CUST_0463,38,여성,대구,일반회원,157.5,3,4,디지털/가전,적용
CUST_0464,19,여성,대전,우수회원,28.2,5,3,스포츠/레저,
CUST_0465,26,남성,대전,VIP,90.9,3,3,식음료,적용
CUST_0466,64,여성,대전,VIP,59.6,7,5,디지털/가전,미적용
CUST_0467,34,남성,광주,우수회원,66.3,4,5,디지털/가전,적용
CUST_0468,32,남성,광주,일반회원,141.2,2,4,뷰티/화장품,미적용
CUST_0469,30,여성,부산,일반회원,53.4,1,3,디지털/가전,적용
CUST_0470,69,여성,인천,VIP,72.2,3,3,스포츠/레저,
CUST_0471,41,여성,대전,일반회원,60.6,9,5,스포츠/레저,적용
CUST_0472,33,여성,대전,일반회원,464.9,7,3,스포츠/레저,
CUST_0473,46,남성,인천,일반회원,454.2,6,3,뷰티/화장품,적용
CUST_0474,52,남성,서울,우수회원,161.2,3,4,식음료,적용
CUST_0475,20,여성,대전,VIP,407.6,3,5,뷰티/화장품,미적용
CUST_0476,50,남성,부산,일반회원,251.1,5,3,스포츠/레저,적용
CUST_0477,41,남성,대구,일반회원,153.7,6,4,뷰티/화장품,적용
CUST_0478,40,남성,대구,우수회원,21.0,4,5,스포츠/레저,적용
CUST_0479,69,남성,경기,VVIP,242.1,3,3,패션/의류,미적용
CUST_0480,43,남성,경기,일반회원,201.8,4,3,패션/의류,
CUST_0481,40,남성,대구,일반회원,163.3,9,5,디지털/가전,적용
CUST_0482,40,남성,대구,일반회원,234.3,3,5,식음료,
CUST_0483,67,남성,광주,VIP,127.9,5,5,패션/의류,적용
CUST_0484,70,여성,부산,일반회원,202.7,9,4,스포츠/레저,적용
CUST_0485,60,남성,인천,일반회원,430.4,5,3,뷰티/화장품,
CUST_0486,24,남성,경기,우수회원,90.7,1,5,뷰티/화장품,
CUST_0487,33,여성,광주,우수회원,204.7,1,3,디지털/가전,미적용
CUST_0488,72,남성,광주,일반회원,116.9,6,5,뷰티/화장품,적용
CUST_0489,61,여성,인천,VIP,188.3,4,5,패션/의류,적용
CUST_0490,55,여성,광주,일반회원,235.9,6,4,뷰티/화장품,적용
CUST_0491,51,남성,부산,우수회원,27.0,8,5,패션/의류,적용
CUST_0492,26,남성,대구,일반회원,176.0,4,4,패션/의류,적용
CUST_0493,71,여성,대전,우수회원,58.6,5,3,식음료,
CUST_0494,62,여성,인천,일반회원,186.3,6,4,디지털/가전,
CUST_0495,62,남성,대구,VIP,114.8,5,2,스포츠/레저,적용
CUST_0496,23,여성,대구,우수회원,242.8,2,4,패션/의류,적용
CUST_0497,57,남성,서울,우수회원,39.8,5,3,디지털/가전,
CUST_0498,22,여성,인천,우수회원,167.7,6,3,스포츠/레저,적용
CUST_0499,24,남성,광주,우수회원,69.0,2,5,뷰티/화장품,미적용
CUST_0500,63,여성,대전,일반회원,307.6,5,5,디지털/가전,적용
CUST_0501,50,여성,인천,일반회원,415.5,5,3,디지털/가전,적용
CUST_0502,70,여성,광주,VIP,864.0,4,4,디지털/가전,
CUST_0503,48,여성,대구,일반회원,258.5,4,4,뷰티/화장품,적용
CUST_0504,65,남성,대전,우수회원,230.2,5,5,뷰티/화장품,적용
CUST_0505,53,남성,광주,VVIP,56.4,3,4,디지털/가전,적용
CUST_0506,73,남성,부산,일반회원,81.4,4,4,식음료,
CUST_0507,58,남성,광주,우수회원,114.0,6,5,패션/의류,
CUST_0508,70,여성,서울,일반회원,242.7,5,3,뷰티/화장품,적용
CUST_0509,34,남성,대구,우수회원,389.7,3,5,식음료,적용
CUST_0510,31,남성,광주,일반회원,51.4,5,5,뷰티/화장품,미적용
CUST_0511,68,여성,경기,일반회원,403.4,5,5,디지털/가전,적용
CUST_0512,60,여성,경기,우수회원,198.4,5,3,식음료,미적용
CUST_0513,48,여성,서울,VIP,161.5,0,3,스포츠/레저,적용
CUST_0514,37,여성,부산,우수회원,53.4,4,5,패션/의류,적용
CUST_0515,35,남성,대구,우수회원,28.6,3,3,패션/의류,미적용
CUST_0516,74,남성,인천,일반회원,146.1,2,4,뷰티/화장품,적용
CUST_0517,37,여성,서울,우수회원,178.1,0,2,패션/의류,
CUST_0518,46,여성,부산,일반회원,55.5,3,2,스포츠/레저,적용
CUST_0519,73,남성,인천,VIP,141.9,4,3,식음료,적용
CUST_0520,44,여성,경기,VIP,311.2,2,4,식음료,
CUST_0521,55,남성,경기,우수회원,290.3,3,3,디지털/가전,적용
CUST_0522,44,남성,인천,VIP,413.3,0,4,식음료,미적용
CUST_0523,71,여성,서울,일반회원,88.3,4,4,뷰티/화장품,적용
CUST_0524,41,여성,경기,우수회원,77.4,7,4,스포츠/레저,미적용
CUST_0525,27,여성,대구,일반회원,227.6,6,4,디지털/가전,미적용
CUST_0526,30,남성,대전,VIP,104.6,3,3,뷰티/화장품,적용
CUST_0527,71,여성,광주,일반회원,33.7,3,3,뷰티/화장품,
CUST_0528,19,남성,인천,우수회원,69.9,4,2,뷰티/화장품,미적용
CUST_0529,19,남성,인천,VIP,101.3,4,4,패션/의류,적용
CUST_0530,65,여성,경기,일반회원,71.9,3,4,뷰티/화장품,적용
CUST_0531,52,여성,서울,일반회원,80.6,2,4,패션/의류,적용
CUST_0532,50,여성,대구,우수회원,72.2,3,3,식음료,적용
CUST_0533,72,여성,서울,일반회원,26.4,7,4,패션/의류,적용
CUST_0534,66,여성,부산,일반회원,172.0,2,2,뷰티/화장품,적용
CUST_0535,43,여성,부산,일반회원,156.4,3,5,스포츠/레저,적용
CUST_0536,58,남성,대전,일반회원,178.9,3,1,스포츠/레저,미적용
CUST_0537,63,남성,경기,VIP,52.0,9,5,식음료,적용
CUST_0538,71,남성,경기,우수회원,72.6,1,4,뷰티/화장품,
CUST_0539,19,남성,경기,일반회원,165.0,3,3,패션/의류,적용
CUST_0540,34,여성,대전,일반회원,157.3,9,3,스포츠/레저,적용
CUST_0541,57,여성,부산,일반회원,125.9,3,1,디지털/가전,미적용
CUST_0542,23,남성,서울,일반회원,84.7,5,3,뷰티/화장품,적용
CUST_0543,40,남성,대전,일반회원,386.2,3,2,뷰티/화장품,적용
CUST_0544,47,여성,대전,일반회원,82.3,6,4,디지털/가전,적용
CUST_0545,73,남성,서울,일반회원,111.2,6,3,스포츠/레저,적용
CUST_0546,21,여성,경기,우수회원,190.0,5,4,디지털/가전,적용
CUST_0547,30,여성,대구,일반회원,137.5,4,3,식음료,
CUST_0548,44,여성,서울,우수회원,83.9,3,5,패션/의류,적용
CUST_0549,34,여성,부산,우수회원,105.8,4,4,패션/의류,
CUST_0550,69,여성,인천,우수회원,257.3,3,2,스포츠/레저,미적용
CUST_0551,55,남성,인천,우수회원,68.9,2,3,디지털/가전,적용
CUST_0552,40,여성,광주,우수회원,43.0,3,3,뷰티/화장품,적용
CUST_0553,47,여성,광주,VIP,76.3,5,3,뷰티/화장품,
CUST_0554,32,남성,대전,우수회원,304.1,4,4,뷰티/화장품,
CUST_0555,46,여성,인천,우수회원,34.0,4,4,식음료,적용
CUST_0556,23,여성,대구,VIP,738.7,7,5,식음료,적용
CUST_0557,65,여성,경기,우수회원,136.8,2,4,뷰티/화장품,적용
CUST_0558,67,여성,부산,일반회원,648.4,6,5,스포츠/레저,적용
CUST_0559,48,여성,광주,일반회원,439.5,7,5,식음료,적용
CUST_0560,64,여성,대구,일반회원,110.4,5,5,식음료,
CUST_0561,70,여성,부산,VIP,53.2,2,4,패션/의류,적용
CUST_0562,23,여성,부산,우수회원,47.0,5,2,패션/의류,미적용
CUST_0563,30,여성,경기,VIP,61.2,0,3,스포츠/레저,미적용
CUST_0564,34,여성,대전,우수회원,205.7,3,4,식음료,적용
CUST_0565,44,여성,인천,일반회원,67.8,5,3,식음료,적용
CUST_0566,44,남성,경기,일반회원,82.7,5,2,디지털/가전,미적용
CUST_0567,66,여성,대구,우수회원,109.3,9,4,스포츠/레저,
CUST_0568,39,여성,대전,우수회원,386.7,1,1,스포츠/레저,미적용
CUST_0569,57,남성,대구,VVIP,51.5,4,4,디지털/가전,적용
CUST_0570,54,여성,대전,일반회원,20.8,2,2,디지털/가전,적용
CUST_0571,51,남성,광주,우수회원,29.3,5,4,패션/의류,적용
CUST_0572,48,남성,대구,우수회원,372.7,3,4,스포츠/레저,적용
CUST_0573,55,여성,경기,우수회원,176.4,6,2,스포츠/레저,미적용
CUST_0574,41,남성,대전,우수회원,67.8,5,4,디지털/가전,적용
CUST_0575,28,여성,대전,우수회원,49.3,5,4,뷰티/화장품,
CUST_0576,72,여성,부산,일반회원,72.3,2,3,뷰티/화장품,적용
CUST_0577,23,여성,부산,우수회원,38.3,3,3,패션/의류,미적용
CUST_0578,54,남성,서울,우수회원,445.9,2,3,뷰티/화장품,
CUST_0579,52,남성,대구,VIP,250.0,6,4,뷰티/화장품,적용
CUST_0580,70,여성,부산,VIP,113.1,3,4,뷰티/화장품,
CUST_0581,49,여성,서울,일반회원,320.3,0,2,식음료,적용
CUST_0582,28,여성,광주,일반회원,63.0,7,4,패션/의류,적용
CUST_0583,37,남성,광주,VVIP,209.4,4,3,디지털/가전,
CUST_0584,50,여성,부산,우수회원,310.8,5,5,뷰티/화장품,
CUST_0585,19,여성,대구,VIP,86.2,4,3,식음료,적용
CUST_0586,74,여성,대전,일반회원,232.5,6,5,뷰티/화장품,적용
CUST_0587,23,남성,인천,우수회원,72.4,4,3,식음료,미적용
CUST_0588,63,여성,대구,VIP,73.3,4,4,패션/의류,
CUST_0589,22,여성,경기,VIP,37.0,2,4,뷰티/화장품,적용
CUST_0590,34,여성,광주,일반회원,107.0,5,4,식음료,
CUST_0591,42,남성,부산,우수회원,216.2,3,3,스포츠/레저,적용
CUST_0592,34,여성,부산,우수회원,442.6,2,4,스포츠/레저,적용
CUST_0593,73,여성,대전,일반회원,158.9,1,3,식음료,적용
CUST_0594,20,남성,경기,우수회원,318.3,4,4,뷰티/화장품,적용
CUST_0595,67,여성,대전,우수회원,279.3,4,4,뷰티/화장품,
CUST_0596,46,여성,경기,VIP,48.6,6,5,패션/의류,적용
CUST_0597,50,남성,인천,일반회원,119.8,5,4,패션/의류,
CUST_0598,45,남성,광주,일반회원,38.7,4,3,디지털/가전,적용
CUST_0599,38,여성,부산,일반회원,191.9,0,4,패션/의류,미적용
CUST_0600,42,남성,부산,일반회원,469.1,5,4,뷰티/화장품,
CUST_0601,30,여성,인천,일반회원,42.1,2,5,디지털/가전,미적용
CUST_0602,68,남성,서울,우수회원,218.6,5,5,패션/의류,미적용
CUST_0603,53,여성,광주,일반회원,170.0,1,4,식음료,적용
CUST_0604,51,남성,대전,VIP,151.4,7,3,스포츠/레저,
CUST_0605,51,여성,인천,VVIP,94.2,2,4,패션/의류,
CUST_0606,69,여성,대전,우수회원,85.8,3,4,패션/의류,적용
CUST_0607,61,여성,대구,VIP,26.9,5,5,식음료,
CUST_0608,55,여성,부산,우수회원,56.9,4,3,뷰티/화장품,적용
CUST_0609,30,남성,대전,우수회원,22.3,5,2,식음료,적용
CUST_0610,21,여성,경기,일반회원,150.6,6,2,패션/의류,
CUST_0611,19,남성,대전,일반회원,36.8,4,4,뷰티/화장품,적용
CUST_0612,51,남성,대구,우수회원,329.6,3,5,디지털/가전,
CUST_0613,58,남성,광주,VIP,131.1,4,1,패션/의류,적용
CUST_0614,28,여성,부산,일반회원,200.4,4,4,식음료,적용
CUST_0615,61,여성,인천,VIP,99.4,5,4,디지털/가전,적용
CUST_0616,62,여성,대구,우수회원,143.3,5,4,스포츠/레저,적용
CUST_0617,47,남성,부산,일반회원,448.8,7,3,디지털/가전,미적용
CUST_0618,31,남성,대전,VVIP,33.0,3,5,식음료,적용
CUST_0619,30,여성,광주,우수회원,63.9,1,1,디지털/가전,적용
CUST_0620,49,남성,서울,일반회원,247.1,7,4,식음료,적용
CUST_0621,64,남성,광주,우수회원,35.6,3,3,패션/의류,적용
CUST_0622,20,남성,서울,일반회원,31.8,4,4,뷰티/화장품,미적용
CUST_0623,69,여성,경기,우수회원,87.3,5,5,스포츠/레저,적용
CUST_0624,68,여성,광주,일반회원,34.5,4,3,뷰티/화장품,미적용
CUST_0625,53,남성,부산,일반회원,151.9,3,3,뷰티/화장품,
CUST_0626,41,남성,서울,VVIP,58.5,9,4,뷰티/화장품,미적용
CUST_0627,35,여성,인천,우수회원,359.1,4,4,식음료,
CUST_0628,44,여성,부산,일반회원,249.5,2,4,식음료,적용
CUST_0629,26,남성,인천,일반회원,200.4,2,3,스포츠/레저,적용
CUST_0630,47,여성,광주,VIP,163.9,1,1,식음료,
CUST_0631,44,남성,인천,일반회원,318.7,3,3,식음료,미적용
CUST_0632,28,남성,서울,일반회원,57.9,3,2,식음료,미적용
CUST_0633,44,여성,부산,일반회원,329.7,10,5,식음료,미적용
CUST_0634,52,남성,대전,일반회원,253.7,8,1,패션/의류,적용
CUST_0635,69,여성,대구,VIP,226.8,2,3,스포츠/레저,적용
CUST_0636,59,남성,서울,우수회원,143.6,4,2,식음료,미적용
CUST_0637,25,남성,서울,일반회원,62.4,3,2,스포츠/레저,미적용
CUST_0638,22,여성,대전,우수회원,102.6,4,4,디지털/가전,적용
CUST_0639,71,남성,부산,일반회원,256.7,4,4,패션/의류,
CUST_0640,68,여성,부산,VVIP,24.8,4,1,식음료,적용
CUST_0641,63,남성,광주,VVIP,248.5,3,1,패션/의류,적용
CUST_0642,29,남성,인천,일반회원,61.2,4,2,패션/의류,
CUST_0643,47,남성,광주,VIP,43.4,5,4,디지털/가전,미적용
CUST_0644,74,여성,대전,우수회원,38.4,1,4,스포츠/레저,적용
CUST_0645,54,남성,광주,일반회원,24.1,5,1,패션/의류,적용
CUST_0646,43,여성,대전,일반회원,131.2,2,4,뷰티/화장품,적용
CUST_0647,39,남성,부산,일반회원,56.9,4,4,디지털/가전,미적용
CUST_0648,54,여성,인천,우수회원,702.5,3,5,뷰티/화장품,적용
CUST_0649,28,남성,광주,VVIP,148.2,4,5,디지털/가전,
CUST_0650,55,여성,서울,우수회원,42.3,4,3,뷰티/화장품,
CUST_0651,27,여성,경기,VIP,195.1,2,2,뷰티/화장품,
CUST_0652,42,여성,대구,우수회원,362.0,7,3,패션/의류,적용
CUST_0653,53,여성,서울,VIP,225.1,2,4,패션/의류,미적용
CUST_0654,67,여성,부산,우수회원,31.9,3,5,디지털/가전,적용
CUST_0655,53,여성,대구,일반회원,359.3,5,4,스포츠/레저,적용
CUST_0656,66,남성,경기,우수회원,256.9,4,3,패션/의류,적용
CUST_0657,54,남성,경기,VIP,45.9,5,3,패션/의류,적용
CUST_0658,36,여성,인천,일반회원,28.0,2,3,식음료,
CUST_0659,67,여성,대구,VIP,142.2,5,3,패션/의류,적용
CUST_0660,57,여성,인천,일반회원,45.4,3,4,스포츠/레저,적용
CUST_0661,50,여성,서울,우수회원,289.9,5,1,식음료,
CUST_0662,42,남성,대전,VIP,86.6,4,3,뷰티/화장품,적용
CUST_0663,41,남성,대전,일반회원,386.1,4,4,뷰티/화장품,미적용
CUST_0664,50,여성,대전,일반회원,145.1,3,1,식음료,적용
CUST_0665,55,남성,대구,일반회원,50.3,7,2,식음료,적용
CUST_0666,30,남성,대전,VIP,42.6,4,3,식음료,
CUST_0667,67,여성,서울,일반회원,148.9,7,5,디지털/가전,적용
CUST_0668,73,남성,인천,VIP,235.2,8,4,스포츠/레저,적용
CUST_0669,31,여성,대구,일반회원,248.1,1,1,스포츠/레저,적용
CUST_0670,41,남성,인천,VVIP,68.4,4,4,뷰티/화장품,적용
CUST_0671,43,여성,대구,VVIP,54.3,1,3,뷰티/화장품,적용
CUST_0672,53,남성,인천,일반회원,22.5,3,4,뷰티/화장품,적용
CUST_0673,59,남성,경기,우수회원,190.5,8,4,패션/의류,적용
CUST_0674,48,남성,인천,일반회원,31.9,6,5,뷰티/화장품,미적용
CUST_0675,35,남성,대전,우수회원,101.9,5,4,식음료,적용
CUST_0676,67,남성,경기,일반회원,158.1,4,5,뷰티/화장품,적용
CUST_0677,38,남성,인천,일반회원,435.0,7,5,식음료,적용
CUST_0678,66,여성,대구,일반회원,76.1,9,5,디지털/가전,
CUST_0679,43,남성,대구,일반회원,63.1,4,4,패션/의류,
CUST_0680,40,여성,대구,일반회원,179.3,1,3,패션/의류,미적용
CUST_0681,31,여성,부산,우수회원,164.8,9,3,스포츠/레저,
CUST_0682,37,여성,서울,VVIP,80.5,4,1,디지털/가전,적용
CUST_0683,67,남성,대구,일반회원,414.9,5,3,식음료,적용
CUST_0684,54,여성,경기,우수회원,299.5,2,4,디지털/가전,미적용
CUST_0685,30,남성,대구,일반회원,58.0,4,4,패션/의류,미적용
CUST_0686,59,남성,부산,VIP,61.0,3,5,식음료,적용
CUST_0687,37,여성,대전,VIP,127.7,5,2,디지털/가전,적용
CUST_0688,30,남성,경기,VIP,242.8,8,3,패션/의류,
CUST_0689,27,여성,부산,VVIP,26.8,5,4,식음료,
CUST_0690,25,여성,대전,일반회원,197.3,5,3,식음료,적용
CUST_0691,46,여성,광주,VIP,176.7,3,2,패션/의류,미적용
CUST_0692,32,여성,광주,우수회원,59.5,9,5,식음료,적용
CUST_0693,49,남성,경기,일반회원,191.6,3,4,패션/의류,적용
CUST_0694,70,남성,인천,VVIP,442.5,4,3,뷰티/화장품,적용
CUST_0695,37,여성,서울,일반회원,27.2,3,5,뷰티/화장품,적용
CUST_0696,65,남성,서울,우수회원,77.8,3,4,식음료,적용
CUST_0697,34,남성,부산,일반회원,106.5,2,4,식음료,
CUST_0698,71,남성,대전,일반회원,364.3,6,5,패션/의류,적용
CUST_0699,23,남성,서울,우수회원,511.6,4,2,식음료,적용
CUST_0700,53,남성,대전,우수회원,108.1,3,4,스포츠/레저,적용
CUST_0701,30,남성,대전,일반회원,228.0,3,1,뷰티/화장품,적용
CUST_0702,43,여성,부산,일반회원,133.8,5,1,식음료,
CUST_0703,70,여성,부산,VIP,135.8,5,5,식음료,미적용
CUST_0704,39,여성,부산,일반회원,68.9,2,4,디지털/가전,
CUST_0705,54,남성,서울,일반회원,56.7,5,4,식음료,
CUST_0706,71,남성,광주,VIP,71.0,7,5,스포츠/레저,적용
CUST_0707,41,남성,부산,VIP,141.9,5,5,뷰티/화장품,적용
CUST_0708,34,여성,서울,일반회원,24.4,5,5,디지털/가전,
CUST_0709,57,여성,부산,우수회원,376.7,6,4,패션/의류,
CUST_0710,63,남성,대구,VIP,45.5,2,3,패션/의류,미적용
CUST_0711,71,여성,대전,VIP,57.3,4,3,뷰티/화장품,미적용
CUST_0712,60,남성,부산,우수회원,129.6,1,3,패션/의류,미적용
CUST_0713,57,여성,경기,일반회원,205.7,2,3,스포츠/레저,적용
CUST_0714,32,여성,대전,일반회원,35.1,2,4,식음료,적용
CUST_0715,49,여성,대전,일반회원,77.3,2,4,뷰티/화장품,
CUST_0716,23,여성,부산,우수회원,539.5,2,5,디지털/가전,미적용
CUST_0717,53,여성,광주,일반회원,65.6,2,4,식음료,적용
CUST_0718,41,남성,인천,우수회원,76.3,3,4,패션/의류,적용
CUST_0719,47,여성,광주,일반회원,291.6,5,3,패션/의류,적용
CUST_0720,61,남성,부산,일반회원,27.7,5,1,디지털/가전,적용
CUST_0721,29,여성,대전,VIP,113.7,5,3,스포츠/레저,
CUST_0722,36,여성,경기,일반회원,91.6,1,4,디지털/가전,적용
CUST_0723,65,여성,대전,일반회원,77.1,6,3,뷰티/화장품,적용
CUST_0724,30,남성,광주,VIP,70.5,4,4,디지털/가전,적용
CUST_0725,27,여성,경기,일반회원,34.4,6,4,패션/의류,미적용
CUST_0726,28,여성,서울,우수회원,76.7,7,3,스포츠/레저,적용
CUST_0727,62,여성,대구,우수회원,26.6,7,3,스포츠/레저,적용
CUST_0728,35,남성,대전,일반회원,247.8,4,4,디지털/가전,적용
CUST_0729,56,남성,부산,VIP,96.2,6,3,뷰티/화장품,적용
CUST_0730,25,남성,서울,우수회원,108.0,3,4,패션/의류,적용
CUST_0731,64,남성,대구,일반회원,356.1,5,4,식음료,적용
CUST_0732,31,여성,부산,일반회원,181.0,5,4,스포츠/레저,
CUST_0733,58,남성,인천,일반회원,21.2,5,5,디지털/가전,적용
CUST_0734,60,여성,부산,VIP,450.2,4,4,뷰티/화장품,적용
CUST_0735,27,남성,경기,일반회원,60.6,6,5,뷰티/화장품,미적용
CUST_0736,68,남성,경기,우수회원,37.1,3,3,패션/의류,적용
CUST_0737,45,여성,인천,우수회원,239.2,6,4,스포츠/레저,미적용
CUST_0738,20,여성,서울,우수회원,124.1,3,3,패션/의류,적용
CUST_0739,23,여성,대구,일반회원,105.3,3,3,식음료,적용
CUST_0740,47,여성,부산,일반회원,63.1,3,3,식음료,미적용
CUST_0741,55,여성,경기,우수회원,138.9,4,4,식음료,
CUST_0742,56,남성,서울,일반회원,68.1,4,3,뷰티/화장품,적용
CUST_0743,37,여성,인천,일반회원,367.8,3,3,스포츠/레저,적용
CUST_0744,26,여성,광주,일반회원,56.3,6,5,패션/의류,적용
CUST_0745,66,여성,대전,일반회원,343.6,2,5,패션/의류,
CUST_0746,63,남성,광주,VIP,142.9,3,4,식음료,
CUST_0747,19,여성,광주,일반회원,284.5,4,4,스포츠/레저,적용
CUST_0748,40,남성,경기,일반회원,207.2,6,5,스포츠/레저,적용
CUST_0749,70,남성,인천,일반회원,199.0,5,4,디지털/가전,적용
CUST_0750,35,남성,부산,우수회원,78.8,5,3,스포츠/레저,적용
CUST_0751,25,남성,광주,우수회원,60.0,1,5,스포츠/레저,적용
CUST_0752,43,여성,광주,일반회원,55.5,3,4,패션/의류,적용
CUST_0753,63,여성,대구,우수회원,311.9,7,3,스포츠/레저,미적용
CUST_0754,22,여성,경기,우수회원,277.6,4,4,스포츠/레저,
CUST_0755,54,남성,경기,VIP,107.1,3,3,패션/의류,
CUST_0756,24,남성,부산,VIP,41.3,2,5,스포츠/레저,적용
CUST_0757,49,남성,대전,일반회원,92.3,3,3,패션/의류,적용
CUST_0758,37,여성,서울,일반회원,164.9,2,5,디지털/가전,
CUST_0759,62,남성,대구,일반회원,110.9,4,5,뷰티/화장품,적용
CUST_0760,72,여성,경기,일반회원,247.2,6,4,패션/의류,미적용
CUST_0761,57,여성,대구,VVIP,926.3,2,4,패션/의류,적용
CUST_0762,45,남성,경기,일반회원,51.8,9,3,스포츠/레저,적용
CUST_0763,28,여성,대구,일반회원,112.3,3,1,패션/의류,적용
CUST_0764,44,여성,인천,우수회원,104.6,4,2,식음료,적용
CUST_0765,37,여성,광주,우수회원,74.5,1,4,식음료,미적용
CUST_0766,57,여성,경기,일반회원,53.1,2,4,디지털/가전,적용
CUST_0767,21,남성,대구,일반회원,30.2,1,2,패션/의류,적용
CUST_0768,63,남성,서울,일반회원,347.2,5,3,스포츠/레저,적용
CUST_0769,31,여성,인천,우수회원,101.7,5,5,스포츠/레저,
CUST_0770,68,여성,인천,일반회원,123.0,7,3,뷰티/화장품,적용
CUST_0771,46,남성,서울,일반회원,393.2,5,5,디지털/가전,적용
CUST_0772,38,여성,대구,우수회원,244.6,3,3,스포츠/레저,적용
CUST_0773,46,여성,부산,일반회원,41.0,4,4,뷰티/화장품,적용
CUST_0774,26,여성,서울,우수회원,145.0,4,1,스포츠/레저,적용
CUST_0775,59,남성,대구,일반회원,107.6,3,4,뷰티/화장품,미적용
CUST_0776,57,여성,서울,일반회원,259.3,4,4,식음료,적용
CUST_0777,19,여성,서울,VIP,213.2,4,3,식음료,적용
CUST_0778,21,남성,경기,우수회원,195.9,7,4,스포츠/레저,미적용
CUST_0779,31,남성,대구,일반회원,82.5,6,4,디지털/가전,적용
CUST_0780,46,여성,부산,우수회원,265.2,3,4,패션/의류,적용
CUST_0781,67,남성,광주,우수회원,28.1,6,4,디지털/가전,적용
CUST_0782,43,여성,경기,우수회원,46.1,3,3,디지털/가전,적용
CUST_0783,74,여성,서울,일반회원,81.3,3,4,패션/의류,미적용
CUST_0784,51,남성,광주,VVIP,32.0,3,5,식음료,미적용
CUST_0785,56,여성,대전,일반회원,60.2,2,5,식음료,미적용
CUST_0786,71,남성,광주,일반회원,285.9,6,5,패션/의류,미적용
CUST_0787,24,여성,서울,일반회원,464.2,7,3,뷰티/화장품,적용
CUST_0788,62,남성,서울,일반회원,74.5,3,4,디지털/가전,적용
CUST_0789,63,여성,대구,VIP,66.1,4,4,스포츠/레저,적용
CUST_0790,50,남성,대구,일반회원,69.3,3,2,식음료,적용
CUST_0791,63,남성,경기,일반회원,68.8,7,5,스포츠/레저,
CUST_0792,65,여성,부산,VIP,25.5,3,4,패션/의류,
CUST_0793,39,남성,경기,일반회원,412.4,5,3,스포츠/레저,적용
CUST_0794,34,여성,인천,일반회원,56.1,4,2,스포츠/레저,적용
CUST_0795,72,남성,서울,일반회원,101.7,2,5,디지털/가전,적용
CUST_0796,39,여성,광주,일반회원,21.5,2,2,패션/의류,적용
CUST_0797,29,남성,대전,일반회원,312.7,4,2,스포츠/레저,적용
CUST_0798,55,여성,서울,우수회원,217.0,6,3,식음료,적용
CUST_0799,54,남성,서울,일반회원,459.9,2,2,패션/의류,
CUST_0800,53,남성,경기,일반회원,248.2,3,5,식음료,미적용
CUST_0801,37,남성,대전,우수회원,76.5,4,4,뷰티/화장품,적용
CUST_0802,38,남성,대전,우수회원,62.7,5,4,스포츠/레저,적용
CUST_0803,36,여성,대전,일반회원,199.5,4,5,패션/의류,적용
CUST_0804,65,남성,경기,우수회원,87.9,1,4,식음료,
CUST_0805,59,여성,서울,일반회원,145.3,4,3,스포츠/레저,
CUST_0806,67,남성,경기,일반회원,20.9,5,4,디지털/가전,
CUST_0807,32,남성,대구,우수회원,29.6,2,3,식음료,적용
CUST_0808,33,여성,대구,일반회원,135.0,0,3,식음료,미적용
CUST_0809,49,여성,경기,VIP,145.2,4,4,뷰티/화장품,적용
CUST_0810,19,남성,대전,일반회원,228.8,2,5,디지털/가전,적용
CUST_0811,71,남성,서울,우수회원,41.2,2,4,뷰티/화장품,적용
CUST_0812,72,남성,경기,일반회원,128.0,5,5,디지털/가전,적용
CUST_0813,72,여성,경기,우수회원,52.4,1,4,식음료,미적용
CUST_0814,21,여성,경기,우수회원,34.7,4,4,뷰티/화장품,적용
CUST_0815,34,남성,인천,VIP,99.3,9,5,스포츠/레저,적용
CUST_0816,41,여성,대구,일반회원,46.8,6,1,디지털/가전,적용
CUST_0817,29,여성,광주,우수회원,57.6,5,3,식음료,적용
CUST_0818,30,여성,대전,우수회원,77.3,0,4,패션/의류,적용
CUST_0819,28,여성,부산,우수회원,65.0,3,4,디지털/가전,적용
CUST_0820,50,남성,광주,우수회원,33.8,3,3,디지털/가전,적용
CUST_0821,34,남성,대전,우수회원,34.1,1,3,스포츠/레저,적용
CUST_0822,26,남성,부산,일반회원,52.2,5,3,디지털/가전,
CUST_0823,56,남성,인천,일반회원,27.8,2,4,디지털/가전,적용
CUST_0824,30,여성,경기,일반회원,167.7,6,5,스포츠/레저,적용
CUST_0825,42,여성,인천,일반회원,70.8,2,5,스포츠/레저,적용
CUST_0826,46,남성,인천,VVIP,69.2,4,4,뷰티/화장품,
CUST_0827,71,남성,광주,우수회원,80.5,5,5,식음료,미적용
CUST_0828,26,남성,서울,VVIP,183.1,5,4,식음료,적용
CUST_0829,46,여성,광주,일반회원,326.8,1,3,뷰티/화장품,적용
CUST_0830,54,남성,대구,VIP,233.5,3,3,식음료,미적용
CUST_0831,44,여성,부산,VIP,215.0,7,4,디지털/가전,미적용
CUST_0832,26,남성,경기,우수회원,119.4,3,2,뷰티/화장품,미적용
CUST_0833,68,남성,광주,우수회원,197.5,5,4,뷰티/화장품,
CUST_0834,46,여성,부산,일반회원,140.7,3,4,식음료,
CUST_0835,46,여성,대전,VIP,56.5,12,3,패션/의류,적용
CUST_0836,55,남성,부산,우수회원,55.1,1,5,식음료,적용
CUST_0837,59,여성,대전,일반회원,72.7,2,4,패션/의류,미적용
CUST_0838,54,여성,광주,일반회원,382.5,7,3,뷰티/화장품,
CUST_0839,45,여성,대구,VIP,138.9,2,4,패션/의류,적용
CUST_0840,72,남성,광주,VIP,218.6,3,4,디지털/가전,
CUST_0841,35,여성,대전,VVIP,83.8,4,3,스포츠/레저,적용
CUST_0842,27,여성,부산,우수회원,98.6,1,2,패션/의류,적용
CUST_0843,51,여성,부산,일반회원,40.1,4,4,스포츠/레저,
CUST_0844,71,남성,대전,일반회원,48.2,8,5,디지털/가전,적용
CUST_0845,38,남성,인천,일반회원,283.5,4,4,스포츠/레저,적용
CUST_0846,31,남성,대구,일반회원,151.9,6,5,디지털/가전,적용
CUST_0847,46,여성,서울,일반회원,81.8,5,5,스포츠/레저,적용
CUST_0848,66,남성,경기,일반회원,263.6,3,2,스포츠/레저,적용
CUST_0849,47,여성,부산,일반회원,62.5,2,4,식음료,적용
CUST_0850,31,여성,경기,VIP,579.7,9,3,패션/의류,적용
CUST_0851,64,남성,서울,일반회원,83.4,1,3,스포츠/레저,
CUST_0852,53,여성,광주,VIP,81.7,4,4,뷰티/화장품,
CUST_0853,24,남성,경기,우수회원,76.1,7,4,식음료,적용
CUST_0854,36,여성,서울,일반회원,39.5,0,3,패션/의류,미적용
CUST_0855,69,남성,대전,일반회원,37.7,8,5,식음료,적용
CUST_0856,23,여성,인천,일반회원,176.7,7,4,패션/의류,적용
CUST_0857,65,여성,부산,일반회원,332.1,1,5,디지털/가전,적용
CUST_0858,43,여성,서울,우수회원,254.5,3,3,스포츠/레저,
CUST_0859,20,여성,경기,일반회원,42.8,3,5,뷰티/화장품,
CUST_0860,28,여성,부산,일반회원,138.3,3,3,식음료,적용
CUST_0861,74,여성,인천,일반회원,36.7,3,2,식음료,적용
CUST_0862,48,여성,대전,VVIP,27.0,4,4,식음료,적용
CUST_0863,68,여성,광주,우수회원,180.2,7,4,식음료,적용
CUST_0864,63,남성,부산,우수회원,134.9,8,4,스포츠/레저,적용
CUST_0865,23,여성,광주,일반회원,32.8,3,4,패션/의류,적용
CUST_0866,73,여성,서울,우수회원,25.3,1,1,스포츠/레저,미적용
CUST_0867,74,여성,인천,우수회원,707.2,4,4,디지털/가전,적용
CUST_0868,51,남성,경기,우수회원,24.6,4,3,스포츠/레저,
CUST_0869,72,여성,인천,VVIP,108.2,2,4,스포츠/레저,미적용
CUST_0870,19,남성,인천,일반회원,125.4,2,3,디지털/가전,적용
CUST_0871,36,여성,대구,VIP,38.7,6,5,스포츠/레저,미적용
CUST_0872,50,남성,인천,VIP,47.8,3,4,패션/의류,
CUST_0873,65,여성,인천,일반회원,85.0,7,4,뷰티/화장품,적용
CUST_0874,67,여성,부산,일반회원,235.1,6,5,디지털/가전,적용
CUST_0875,29,남성,경기,VVIP,126.1,3,4,식음료,
CUST_0876,39,여성,부산,일반회원,172.4,4,1,패션/의류,적용
CUST_0877,44,남성,부산,우수회원,651.7,4,1,뷰티/화장품,적용
CUST_0878,43,여성,서울,VVIP,239.2,4,4,패션/의류,적용
CUST_0879,40,여성,부산,우수회원,105.5,2,3,패션/의류,
CUST_0880,45,여성,대구,일반회원,108.7,5,4,식음료,미적용
CUST_0881,67,여성,대구,우수회원,164.7,6,3,뷰티/화장품,
CUST_0882,31,여성,광주,일반회원,184.2,4,3,패션/의류,적용
CUST_0883,51,남성,서울,우수회원,124.2,4,4,식음료,적용
CUST_0884,52,남성,광주,일반회원,175.3,6,5,디지털/가전,적용
CUST_0885,59,여성,광주,우수회원,23.6,4,4,식음료,미적용
CUST_0886,53,여성,대전,우수회원,104.2,2,5,스포츠/레저,적용
CUST_0887,19,여성,경기,우수회원,69.1,4,5,식음료,적용
CUST_0888,39,여성,경기,우수회원,40.7,2,3,식음료,적용
CUST_0889,66,남성,부산,우수회원,35.7,1,3,식음료,적용
CUST_0890,73,여성,부산,우수회원,158.6,5,4,패션/의류,
CUST_0891,24,남성,대전,일반회원,131.2,4,5,뷰티/화장품,미적용
CUST_0892,46,여성,부산,우수회원,63.9,3,4,식음료,
CUST_0893,35,남성,경기,일반회원,115.5,0,5,식음료,적용
CUST_0894,23,남성,광주,VIP,121.7,6,1,스포츠/레저,
CUST_0895,49,남성,인천,일반회원,52.5,3,3,스포츠/레저,
CUST_0896,23,남성,대구,일반회원,178.4,8,4,디지털/가전,적용
CUST_0897,56,여성,인천,우수회원,247.7,8,4,디지털/가전,
CUST_0898,21,남성,인천,일반회원,255.1,8,2,스포츠/레저,적용
CUST_0899,71,남성,경기,일반회원,158.4,5,3,뷰티/화장품,
CUST_0900,41,남성,인천,우수회원,127.5,6,1,디지털/가전,
CUST_0901,55,남성,대전,우수회원,29.4,4,4,뷰티/화장품,미적용
CUST_0902,71,남성,서울,우수회원,70.9,5,5,스포츠/레저,적용
CUST_0903,55,남성,부산,일반회원,34.7,3,5,디지털/가전,적용
CUST_0904,28,여성,서울,우수회원,517.9,2,4,식음료,적용
CUST_0905,28,여성,광주,일반회원,41.8,1,4,스포츠/레저,적용
CUST_0906,37,여성,대구,우수회원,44.7,2,4,디지털/가전,미적용
CUST_0907,35,남성,부산,우수회원,350.5,3,2,뷰티/화장품,미적용
CUST_0908,39,남성,인천,우수회원,452.2,9,3,뷰티/화장품,
CUST_0909,32,여성,대구,일반회원,237.8,2,3,디지털/가전,적용
CUST_0910,27,여성,부산,일반회원,20.8,1,5,뷰티/화장품,
CUST_0911,64,남성,대전,일반회원,20.2,1,5,디지털/가전,
CUST_0912,19,남성,대전,일반회원,91.2,3,4,디지털/가전,미적용
CUST_0913,69,남성,대전,일반회원,43.2,9,4,뷰티/화장품,적용
CUST_0914,63,남성,대전,우수회원,22.8,6,2,패션/의류,적용
CUST_0915,31,남성,인천,일반회원,113.6,1,4,식음료,적용
CUST_0916,22,여성,서울,VIP,449.9,9,4,스포츠/레저,미적용
CUST_0917,19,여성,부산,일반회원,78.7,4,4,식음료,미적용
CUST_0918,67,여성,인천,우수회원,182.3,4,3,스포츠/레저,
CUST_0919,58,여성,대전,우수회원,178.4,3,5,스포츠/레저,적용
CUST_0920,50,여성,광주,일반회원,63.4,2,4,식음료,적용
CUST_0921,52,여성,서울,일반회원,177.7,7,5,디지털/가전,미적용
CUST_0922,46,여성,광주,우수회원,55.8,4,5,뷰티/화장품,
CUST_0923,49,남성,대구,일반회원,39.5,4,5,패션/의류,
CUST_0924,26,남성,광주,VIP,201.3,2,3,패션/의류,
CUST_0925,57,남성,대구,우수회원,38.1,1,2,패션/의류,적용
CUST_0926,44,여성,대구,VIP,886.9,4,3,식음료,미적용
CUST_0927,52,여성,대전,일반회원,50.4,3,2,식음료,
CUST_0928,72,남성,대구,우수회원,155.3,5,4,디지털/가전,적용
CUST_0929,72,여성,경기,우수회원,99.5,2,4,패션/의류,적용
CUST_0930,21,남성,부산,우수회원,40.3,2,4,디지털/가전,적용
CUST_0931,68,여성,부산,일반회원,24.2,5,3,패션/의류,적용
CUST_0932,30,남성,대전,우수회원,166.2,1,5,식음료,미적용
CUST_0933,19,남성,경기,일반회원,266.6,4,1,뷰티/화장품,적용
CUST_0934,72,여성,광주,우수회원,296.8,3,3,뷰티/화장품,적용
CUST_0935,62,남성,인천,일반회원,118.9,2,4,뷰티/화장품,적용
CUST_0936,23,남성,광주,VIP,245.4,3,4,뷰티/화장품,적용
CUST_0937,48,남성,인천,일반회원,187.6,2,3,스포츠/레저,적용
CUST_0938,48,여성,대구,VIP,213.2,4,1,패션/의류,미적용
CUST_0939,35,여성,서울,VIP,121.8,4,4,뷰티/화장품,적용
CUST_0940,66,남성,인천,VIP,170.5,4,2,스포츠/레저,적용
CUST_0941,65,여성,서울,우수회원,265.6,1,2,스포츠/레저,적용
CUST_0942,41,여성,부산,일반회원,96.1,6,4,스포츠/레저,적용
CUST_0943,33,남성,서울,VVIP,266.0,2,3,디지털/가전,적용
CUST_0944,55,남성,부산,일반회원,154.5,1,3,디지털/가전,적용
CUST_0945,39,남성,경기,우수회원,47.2,4,4,스포츠/레저,
CUST_0946,32,남성,경기,우수회원,23.7,4,5,뷰티/화장품,미적용
CUST_0947,20,여성,대전,우수회원,87.6,4,5,패션/의류,적용
CUST_0948,29,남성,대전,일반회원,138.7,6,3,식음료,적용
CUST_0949,69,여성,대구,우수회원,294.7,5,3,디지털/가전,
CUST_0950,57,여성,인천,VIP,40.5,5,3,뷰티/화장품,미적용
CUST_0951,56,남성,대구,일반회원,261.6,6,3,뷰티/화장품,적용
CUST_0952,52,여성,부산,VIP,318.2,2,4,식음료,미적용
CUST_0953,56,남성,대구,일반회원,44.5,2,4,식음료,미적용
CUST_0954,68,여성,서울,일반회원,306.2,4,4,뷰티/화장품,미적용
CUST_0955,52,여성,부산,일반회원,734.3,4,3,식음료,적용
CUST_0956,36,여성,대전,일반회원,214.7,1,3,뷰티/화장품,적용
CUST_0957,48,여성,경기,VIP,250.4,4,4,식음료,적용
CUST_0958,33,남성,대전,일반회원,798.2,2,3,식음료,
CUST_0959,45,여성,인천,일반회원,159.5,1,4,뷰티/화장품,미적용
CUST_0960,69,여성,부산,일반회원,75.2,5,4,스포츠/레저,적용
CUST_0961,52,여성,부산,우수회원,292.6,5,4,뷰티/화장품,
CUST_0962,70,여성,서울,우수회원,163.0,4,4,패션/의류,
CUST_0963,56,여성,인천,일반회원,150.6,2,4,식음료,
CUST_0964,51,남성,경기,일반회원,63.9,2,3,디지털/가전,
CUST_0965,42,남성,광주,VIP,231.8,5,1,식음료,
CUST_0966,33,여성,부산,일반회원,32.8,6,4,패션/의류,적용
CUST_0967,48,남성,부산,일반회원,407.1,5,3,디지털/가전,
CUST_0968,73,여성,서울,일반회원,79.1,4,4,디지털/가전,
CUST_0969,60,여성,대구,우수회원,40.5,7,4,뷰티/화장품,적용
CUST_0970,69,남성,경기,일반회원,107.6,5,5,스포츠/레저,적용
CUST_0971,35,남성,대전,우수회원,26.5,6,5,뷰티/화장품,
CUST_0972,23,여성,인천,일반회원,193.1,7,1,디지털/가전,적용
CUST_0973,47,남성,부산,VVIP,369.5,4,5,디지털/가전,
CUST_0974,22,여성,부산,일반회원,292.3,4,4,스포츠/레저,적용
CUST_0975,28,남성,대전,우수회원,40.4,1,4,식음료,적용
CUST_0976,74,여성,경기,일반회원,40.2,5,1,스포츠/레저,적용
CUST_0977,35,남성,대구,일반회원,271.8,6,5,뷰티/화장품,적용
CUST_0978,28,여성,부산,우수회원,407.1,6,2,식음료,미적용
CUST_0979,35,남성,경기,일반회원,112.6,5,5,뷰티/화장품,적용
CUST_0980,38,여성,대전,VIP,123.7,1,1,스포츠/레저,적용
CUST_0981,42,남성,서울,VIP,77.5,3,4,식음료,적용
CUST_0982,23,여성,대구,VIP,357.0,6,3,스포츠/레저,적용
CUST_0983,52,여성,인천,일반회원,175.3,5,3,패션/의류,적용
CUST_0984,24,남성,부산,우수회원,71.0,4,2,디지털/가전,미적용
CUST_0985,71,남성,경기,일반회원,73.2,6,3,식음료,적용
CUST_0986,20,남성,서울,VIP,352.7,7,2,디지털/가전,적용
CUST_0987,31,여성,인천,우수회원,22.1,5,4,패션/의류,적용
CUST_0988,61,여성,광주,VIP,78.5,4,4,식음료,적용
CUST_0989,61,여성,경기,일반회원,141.2,10,5,디지털/가전,적용
CUST_0990,66,남성,경기,우수회원,44.1,1,4,디지털/가전,적용
CUST_0991,29,남성,인천,일반회원,34.5,3,2,식음료,
CUST_0992,69,여성,서울,우수회원,273.3,6,3,디지털/가전,
CUST_0993,65,여성,광주,일반회원,357.2,2,3,디지털/가전,
CUST_0994,41,여성,대전,우수회원,280.3,7,5,식음료,적용
CUST_0995,73,남성,서울,우수회원,363.6,2,5,디지털/가전,적용
CUST_0996,34,여성,대구,우수회원,140.8,4,3,디지털/가전,적용
CUST_0997,49,남성,부산,일반회원,270.9,9,2,뷰티/화장품,미적용
CUST_0998,29,남성,인천,우수회원,92.7,7,5,뷰티/화장품,
CUST_0999,72,여성,대전,일반회원,184.6,3,5,패션/의류,적용
CUST_1000,34,여성,광주,일반회원,694.3,4,5,뷰티/화장품,적용
